lag,p_value,significant_5pct,n
1,0.15423330305053765,False,66
2,0.04863939059272645,True,66
3,0.17792666219145678,False,66
4,0.1834521183207479,False,66
5,0.25515765194163753,False,66
6,0.246326651388262,False,66
