lag,p_value,significant_5pct,n
1,0.2634998895545515,False,131
2,0.33367439594466,False,131
3,0.32860785412488364,False,131
4,0.5150292209522844,False,131
5,0.6182878458699272,False,131
6,0.6397033984874247,False,131
