lag,p_value,significant_5pct,n
1,0.8522735778213674,False,66
2,0.838381603438649,False,66
3,0.76991840981984,False,66
4,0.874923072718232,False,66
5,0.8410645575664395,False,66
6,0.5726635365854726,False,66
